{"_id":{"$oid":"5853acb21d41c80ebaea6207"},"star":["9.6"],"title":["肖申克的救赎"],"quote":["希望让人自由。"],"rank":["1"],"rate":["754797人评价"],"link":["https://movie.douban.com/subject/1292052/"]}
{"_id":{"$oid":"5853acb21d41c80ebaea6208"},"star":["9.4"],"title":["这个杀手不太冷"],"quote":["怪蜀黍和小萝莉不得不说的故事。"],"rank":["2"],"rate":["725805人评价"],"link":["https://movie.douban.com/subject/1295644/"]}
{"_id":{"$oid":"5853acb21d41c80ebaea6209"},"star":["9.5"],"title":["霸王别姬"],"quote":["风华绝代。"],"rank":["3"],"rate":["531343人评价"],"link":["https://movie.douban.com/subject/1291546/"]}
{"_id":{"$oid":"5853acb21d41c80ebaea620a"},"star":["9.4"],"title":["阿甘正传"],"quote":["一部美国近现代史。"],"rank":["4"],"rate":["628991人评价"],"link":["https://movie.douban.com/subject/1292720/"]}
{"_id":{"$oid":"5853acb21d41c80ebaea620b"},"star":["9.5"],"title":["美丽人生"],"quote":["最美的谎言。"],"rank":["5"],"rate":["361524人评价"],"link":["https://movie.douban.com/subject/1292063/"]}
{"_id":{"$oid":"5853acb21d41c80ebaea620c"},"star":["9.2"],"title":["千与千寻"],"quote":["最好的宫崎骏，最好的久石让。 "],"rank":["6"],"rate":["580194人评价"],"link":["https://movie.douban.com/subject/1291561/"]}
{"_id":{"$oid":"5853acb21d41c80ebaea620d"},"star":["9.4"],"title":["辛德勒的名单"],"quote":["拯救一个人，就是拯救整个世界。"],"rank":["7"],"rate":["334633人评价"],"link":["https://movie.douban.com/subject/1295124/"]}
{"_id":{"$oid":"5853acb21d41c80ebaea620e"},"star":["9.2"],"title":["泰坦尼克号"],"quote":["失去的才是永恒的。 "],"rank":["8"],"rate":["578284人评价"],"link":["https://movie.douban.com/subject/1292722/"]}
{"_id":{"$oid":"5853acb21d41c80ebaea620f"},"star":["9.2"],"title":["海上钢琴师"],"quote":["每个人都要走一条自己坚定了的路，就算是粉身碎骨。 "],"rank":["9"],"rate":["539178人评价"],"link":["https://movie.douban.com/subject/1292001/"]}
{"_id":{"$oid":"5853acb21d41c80ebaea6210"},"star":["9.2"],"title":["盗梦空间"],"quote":["诺兰给了我们一场无法盗取的梦。"],"rank":["10"],"rate":["687557人评价"],"link":["https://movie.douban.com/subject/3541415/"]}
{"_id":{"$oid":"5853acb21d41c80ebaea6211"},"star":["9.3"],"title":["机器人总动员"],"quote":["小瓦力，大人生。"],"rank":["11"],"rate":["452243人评价"],"link":["https://movie.douban.com/subject/2131459/"]}
{"_id":{"$oid":"5853acb21d41c80ebaea6212"},"star":["9.1"],"title":["三傻大闹宝莱坞"],"quote":["英俊版憨豆，高情商版谢耳朵。"],"rank":["12"],"rate":["592447人评价"],"link":["https://movie.douban.com/subject/3793023/"]}
{"_id":{"$oid":"5853acb21d41c80ebaea6213"},"star":["9.2"],"title":["放牛班的春天"],"quote":["天籁一般的童声，是最接近上帝的存在。 "],"rank":["13"],"rate":["401135人评价"],"link":["https://movie.douban.com/subject/1291549/"]}
{"_id":{"$oid":"5853acb21d41c80ebaea6214"},"star":["9.2"],"title":["忠犬八公的故事"],"quote":["永远都不能忘记你所爱的人。"],"rank":["14"],"rate":["389007人评价"],"link":["https://movie.douban.com/subject/3011091/"]}
{"_id":{"$oid":"5853acb21d41c80ebaea6215"},"star":["9.1"],"title":["大话西游之大圣娶亲"],"quote":["一生所爱。"],"rank":["15"],"rate":["401721人评价"],"link":["https://movie.douban.com/subject/1292213/"]}
{"_id":{"$oid":"5853acb21d41c80ebaea6216"},"star":["9.1"],"title":["龙猫"],"quote":["人人心中都有个龙猫，童年就永远不会消失。"],"rank":["16"],"rate":["373732人评价"],"link":["https://movie.douban.com/subject/1291560/"]}
{"_id":{"$oid":"5853acb21d41c80ebaea6217"},"star":["9.2"],"title":["教父"],"quote":["千万不要记恨你的对手，这样会让你失去理智。"],"rank":["17"],"rate":["306401人评价"],"link":["https://movie.douban.com/subject/1291841/"]}
{"_id":{"$oid":"5853acb21d41c80ebaea6218"},"star":["9.2"],"title":["乱世佳人"],"quote":["Tomorrow is another day."],"rank":["18"],"rate":["242626人评价"],"link":["https://movie.douban.com/subject/1300267/"]}
{"_id":{"$oid":"5853acb21d41c80ebaea6219"},"star":["9.0"],"title":["楚门的世界"],"quote":["如果再也不能见到你，祝你早安，午安，晚安。"],"rank":["19"],"rate":["389793人评价"],"link":["https://movie.douban.com/subject/1292064/"]}
{"_id":{"$oid":"5853acb21d41c80ebaea621a"},"star":["9.1"],"title":["天堂电影院"],"quote":["那些吻戏，那些青春，都在影院的黑暗里被泪水冲刷得无比清晰。"],"rank":["20"],"rate":["279558人评价"],"link":["https://movie.douban.com/subject/1291828/"]}
{"_id":{"$oid":"5853acb21d41c80ebaea621b"},"star":["8.9"],"title":["当幸福来敲门"],"quote":["平民励志片。 "],"rank":["21"],"rate":["483294人评价"],"link":["https://movie.douban.com/subject/1849031/"]}
{"_id":{"$oid":"5853acb21d41c80ebaea621c"},"star":["9.0"],"title":["搏击俱乐部"],"quote":["邪恶与平庸蛰伏于同一个母体，在特定的时间互相对峙。"],"rank":["22"],"rate":["374711人评价"],"link":["https://movie.douban.com/subject/1292000/"]}
{"_id":{"$oid":"5853acb21d41c80ebaea621d"},"star":["9.1"],"title":["触不可及"],"quote":["满满温情的高雅喜剧。"],"rank":["23"],"rate":["323822人评价"],"link":["https://movie.douban.com/subject/6786002/"]}
{"_id":{"$oid":"5853acb21d41c80ebaea621e"},"star":["9.1"],"title":["指环王3：王者无敌"],"quote":["史诗的终章。"],"rank":["24"],"rate":["257869人评价"],"link":["https://movie.douban.com/subject/1291552/"]}
{"_id":{"$oid":"5853acb21d41c80ebaea621f"},"star":["9.3"],"title":["十二怒汉"],"quote":["1957年的理想主义。 "],"rank":["25"],"rate":["150024人评价"],"link":["https://movie.douban.com/subject/1293182/"]}
{"_id":{"$oid":"5853acb31d41c80ebaea6220"},"star":["8.9"],"title":["罗马假日"],"quote":["爱情哪怕只有一天。"],"rank":["26"],"rate":["345616人评价"],"link":["https://movie.douban.com/subject/1293839/"]}
{"_id":{"$oid":"5853acb31d41c80ebaea6221"},"star":["8.9"],"title":["无间道"],"quote":["香港电影史上永不过时的杰作。"],"rank":["27"],"rate":["348450人评价"],"link":["https://movie.douban.com/subject/1307914/"]}
{"_id":{"$oid":"5853acb31d41c80ebaea6222"},"star":["8.9"],"title":["怦然心动"],"quote":["真正的幸福是来自内心深处。"],"rank":["28"],"rate":["472087人评价"],"link":["https://movie.douban.com/subject/3319755/"]}
{"_id":{"$oid":"5853acb31d41c80ebaea6223"},"star":["9.0"],"title":["天空之城"],"quote":["对天空的追逐，永不停止。 "],"rank":["29"],"rate":["294994人评价"],"link":["https://movie.douban.com/subject/1291583/"]}
{"_id":{"$oid":"5853acb31d41c80ebaea6224"},"star":["9.1"],"title":["熔炉"],"quote":["我们一路奋战不是为了改变世界，而是为了不让世界改变我们。"],"rank":["30"],"rate":["201100人评价"],"link":["https://movie.douban.com/subject/5912992/"]}
{"_id":{"$oid":"5853acb31d41c80ebaea6225"},"star":["9.0"],"title":["两杆大烟枪"],"quote":["4个臭皮匠顶个诸葛亮，盖·里奇果然不是盖的。"],"rank":["31"],"rate":["248075人评价"],"link":["https://movie.douban.com/subject/1293350/"]}
{"_id":{"$oid":"5853acb31d41c80ebaea6226"},"star":["8.9"],"title":["大话西游之月光宝盒"],"quote":["旷古烁今。"],"rank":["32"],"rate":["346875人评价"],"link":["https://movie.douban.com/subject/1299398/"]}
{"_id":{"$oid":"5853acb31d41c80ebaea6227"},"star":["9.0"],"title":["少年派的奇幻漂流"],"quote":["瑰丽壮观、无人能及的冒险之旅。"],"rank":["33"],"rate":["525724人评价"],"link":["https://movie.douban.com/subject/1929463/"]}
{"_id":{"$oid":"5853acb31d41c80ebaea6228"},"star":["8.9"],"title":["飞屋环游记"],"quote":["最后那些最无聊的事情，才是最值得怀念的。 "],"rank":["34"],"rate":["453387人评价"],"link":["https://movie.douban.com/subject/2129039/"]}
{"_id":{"$oid":"5853acb31d41c80ebaea6229"},"star":["9.1"],"title":["鬼子来了"],"quote":["对敌人的仁慈，就是对自己残忍。"],"rank":["35"],"rate":["198217人评价"],"link":["https://movie.douban.com/subject/1291858/"]}
{"_id":{"$oid":"5853acb31d41c80ebaea622a"},"star":["9.0"],"title":["飞越疯人院"],"quote":["自由万岁。"],"rank":["36"],"rate":["250162人评价"],"link":["https://movie.douban.com/subject/1292224/"]}
{"_id":{"$oid":"5853acb31d41c80ebaea622b"},"star":["9.0"],"title":["蝙蝠侠：黑暗骑士"],"quote":["无尽的黑暗。"],"rank":["37"],"rate":["279093人评价"],"link":["https://movie.douban.com/subject/1851857/"]}
{"_id":{"$oid":"5853acb31d41c80ebaea622c"},"star":["9.1"],"title":["窃听风暴"],"quote":["别样人生。"],"rank":["38"],"rate":["194302人评价"],"link":["https://movie.douban.com/subject/1900841/"]}
{"_id":{"$oid":"5853acb31d41c80ebaea622d"},"star":["9.3"],"title":["海豚湾"],"quote":["海豚的微笑，是世界上最高明的伪装。"],"rank":["39"],"rate":["167688人评价"],"link":["https://movie.douban.com/subject/3442220/"]}
{"_id":{"$oid":"5853acb31d41c80ebaea622e"},"star":["9.0"],"title":["活着"],"quote":["张艺谋最好的电影。"],"rank":["40"],"rate":["226535人评价"],"link":["https://movie.douban.com/subject/1292365/"]}
{"_id":{"$oid":"5853acb31d41c80ebaea622f"},"star":["8.8"],"title":["V字仇杀队"],"quote":["一张面具背后的理想与革命。"],"rank":["41"],"rate":["365211人评价"],"link":["https://movie.douban.com/subject/1309046/"]}
{"_id":{"$oid":"5853acb31d41c80ebaea6230"},"star":["8.9"],"title":["闻香识女人"],"quote":["史上最美的探戈。"],"rank":["42"],"rate":["284183人评价"],"link":["https://movie.douban.com/subject/1298624/"]}
{"_id":{"$oid":"5853acb31d41c80ebaea6231"},"star":["9.1"],"title":["星际穿越"],"quote":["爱是一种力量，让我们超越时空感知它的存在。"],"rank":["43"],"rate":["421810人评价"],"link":["https://movie.douban.com/subject/1889243/"]}
{"_id":{"$oid":"5853acb31d41c80ebaea6232"},"star":["8.9"],"title":["美丽心灵"],"quote":["爱是一切逻辑和原由。"],"rank":["44"],"rate":["273756人评价"],"link":["https://movie.douban.com/subject/1306029/"]}
{"_id":{"$oid":"5853acb31d41c80ebaea6233"},"star":["9.1"],"title":["教父2"],"quote":["优雅的孤独。"],"rank":["45"],"rate":["165490人评价"],"link":["https://movie.douban.com/subject/1299131/"]}
{"_id":{"$oid":"5853acb31d41c80ebaea6234"},"star":["8.7"],"title":["天使爱美丽"],"quote":["法式小清新。 "],"rank":["46"],"rate":["438763人评价"],"link":["https://movie.douban.com/subject/1292215/"]}
{"_id":{"$oid":"5853acb31d41c80ebaea6235"},"star":["8.9"],"title":["指环王2：双塔奇兵"],"quote":["承前启后的史诗篇章。"],"rank":["47"],"rate":["244667人评价"],"link":["https://movie.douban.com/subject/1291572/"]}
{"_id":{"$oid":"5853acb31d41c80ebaea6236"},"star":["8.9"],"title":["指环王1：魔戒再现"],"quote":["传说的开始。"],"rank":["48"],"rate":["272770人评价"],"link":["https://movie.douban.com/subject/1291571/"]}
{"_id":{"$oid":"5853acb31d41c80ebaea6237"},"star":["8.8"],"title":["哈尔的移动城堡"],"quote":["带着心爱的人在天空飞翔。"],"rank":["49"],"rate":["304805人评价"],"link":["https://movie.douban.com/subject/1308807/"]}
{"_id":{"$oid":"5853acb31d41c80ebaea6238"},"star":["8.8"],"title":["情书"],"quote":["暗恋的极致。"],"rank":["50"],"rate":["327244人评价"],"link":["https://movie.douban.com/subject/1292220/"]}
{"_id":{"$oid":"5853acb51d41c80ebaea6239"},"star":["8.9"],"title":["死亡诗社"],"quote":["当一个死水般的体制内出现一个活跃的变数时，所有的腐臭都站在了光明的对面。"],"rank":["51"],"rate":["242039人评价"],"link":["https://movie.douban.com/subject/1291548/"]}
{"_id":{"$oid":"5853acb51d41c80ebaea623a"},"star":["9.1"],"title":["美国往事"],"quote":["往事如烟，无处祭奠。"],"rank":["52"],"rate":["154346人评价"],"link":["https://movie.douban.com/subject/1292262/"]}
{"_id":{"$oid":"5853acb51d41c80ebaea623b"},"star":["8.7"],"title":["七宗罪"],"quote":["警察抓小偷，老鼠玩死猫。"],"rank":["53"],"rate":["394477人评价"],"link":["https://movie.douban.com/subject/1292223/"]}
{"_id":{"$oid":"5853acb51d41c80ebaea623c"},"star":["9.0"],"title":["钢琴家"],"quote":["音乐能化解仇恨。"],"rank":["54"],"rate":["180658人评价"],"link":["https://movie.douban.com/subject/1296736/"]}
{"_id":{"$oid":"5853acb51d41c80ebaea623d"},"star":["8.8"],"title":["勇敢的心"],"quote":["史诗大片的典范。"],"rank":["55"],"rate":["269041人评价"],"link":["https://movie.douban.com/subject/1294639/"]}
{"_id":{"$oid":"5853acb51d41c80ebaea623e"},"star":["8.9"],"title":["狮子王"],"quote":["动物版《哈姆雷特》。"],"rank":["56"],"rate":["251217人评价"],"link":["https://movie.douban.com/subject/1301753/"]}
{"_id":{"$oid":"5853acb51d41c80ebaea623f"},"star":["8.7"],"title":["剪刀手爱德华"],"quote":["浪漫忧郁的成人童话。"],"rank":["57"],"rate":["435413人评价"],"link":["https://movie.douban.com/subject/1292370/"]}
{"_id":{"$oid":"5853acb51d41c80ebaea6240"},"star":["8.8"],"title":["致命魔术"],"quote":["孪生蝙蝠侠大战克隆金刚狼。"],"rank":["58"],"rate":["301542人评价"],"link":["https://movie.douban.com/subject/1780330/"]}
{"_id":{"$oid":"5853acb51d41c80ebaea6241"},"star":["8.9"],"title":["被嫌弃的松子的一生"],"quote":["以戏谑来戏谑戏谑。"],"rank":["59"],"rate":["234118人评价"],"link":["https://movie.douban.com/subject/1787291/"]}
{"_id":{"$oid":"5853acb51d41c80ebaea6242"},"star":["8.9"],"title":["音乐之声"],"quote":["用音乐化解仇恨，让歌声串起美好。"],"rank":["60"],"rate":["207565人评价"],"link":["https://movie.douban.com/subject/1294408/"]}
{"_id":{"$oid":"5853acb51d41c80ebaea6243"},"star":["9.1"],"title":["小鞋子"],"quote":["奔跑的孩子是天使。"],"rank":["61"],"rate":["117898人评价"],"link":["https://movie.douban.com/subject/1303021/"]}
{"_id":{"$oid":"5853acb51d41c80ebaea6244"},"star":["9.1"],"title":["辩护人"],"quote":["电影的现实意义大过电影本身。"],"rank":["62"],"rate":["164173人评价"],"link":["https://movie.douban.com/subject/21937445/"]}
{"_id":{"$oid":"5853acb51d41c80ebaea6245"},"star":["8.7"],"title":["低俗小说"],"quote":["故事的高级讲法。"],"rank":["63"],"rate":["292018人评价"],"link":["https://movie.douban.com/subject/1291832/"]}
{"_id":{"$oid":"5853acb51d41c80ebaea6246"},"star":["8.8"],"title":["入殓师"],"quote":["死可能是一道门，逝去并不是终结，而是超越，走向下一程。"],"rank":["64"],"rate":["290477人评价"],"link":["https://movie.douban.com/subject/2149806/"]}
{"_id":{"$oid":"5853acb51d41c80ebaea6247"},"star":["9.0"],"title":["饮食男女"],"quote":["人生不能像做菜，把所有的料都准备好了才下锅。"],"rank":["65"],"rate":["157468人评价"],"link":["https://movie.douban.com/subject/1291818/"]}
{"_id":{"$oid":"5853acb51d41c80ebaea6248"},"star":["8.7"],"title":["蝴蝶效应"],"quote":["人的命运被自己瞬间的抉择改变。"],"rank":["66"],"rate":["342942人评价"],"link":["https://movie.douban.com/subject/1292343/"]}
{"_id":{"$oid":"5853acb51d41c80ebaea6249"},"star":["8.7"],"title":["沉默的羔羊"],"quote":["安东尼·霍普金斯的顶级表演。"],"rank":["67"],"rate":["310300人评价"],"link":["https://movie.douban.com/subject/1293544/"]}
{"_id":{"$oid":"5853acb51d41c80ebaea624a"},"star":["8.7"],"title":["本杰明·巴顿奇事"],"quote":["在时间之河里感受溺水之苦。"],"rank":["68"],"rate":["354581人评价"],"link":["https://movie.douban.com/subject/1485260/"]}
{"_id":{"$oid":"5853acb51d41c80ebaea624b"},"star":["8.9"],"title":["玛丽和马克思"],"quote":["你是我最好的朋友，你是我唯一的朋友 。"],"rank":["69"],"rate":["215350人评价"],"link":["https://movie.douban.com/subject/3072124/"]}
{"_id":{"$oid":"5853acb51d41c80ebaea624c"},"star":["8.8"],"title":["黑客帝国"],"quote":["视觉革命。"],"rank":["70"],"rate":["246373人评价"],"link":["https://movie.douban.com/subject/1291843/"]}
{"_id":{"$oid":"5853acb51d41c80ebaea624d"},"star":["9.5"],"title":["控方证人"],"quote":["比利·怀德满分作品。"],"rank":["71"],"rate":["58973人评价"],"link":["https://movie.douban.com/subject/1296141/"]}
{"_id":{"$oid":"5853acb51d41c80ebaea624e"},"star":["8.8"],"title":["拯救大兵瑞恩"],"quote":["美利坚精神输出大片No1."],"rank":["72"],"rate":["203723人评价"],"link":["https://movie.douban.com/subject/1292849/"]}
{"_id":{"$oid":"5853acb51d41c80ebaea624f"},"star":["8.7"],"title":["西西里的美丽传说"],"quote":["美丽无罪。"],"rank":["73"],"rate":["298993人评价"],"link":["https://movie.douban.com/subject/1292402/"]}
{"_id":{"$oid":"5853acb51d41c80ebaea6250"},"star":["8.8"],"title":["幽灵公主"],"quote":["人与自然的战争史诗。"],"rank":["74"],"rate":["207378人评价"],"link":["https://movie.douban.com/subject/1297359/"]}
{"_id":{"$oid":"5853acb51d41c80ebaea6251"},"star":["8.7"],"title":["心灵捕手"],"quote":["人生中应该拥有这样的一段豁然开朗。"],"rank":["75"],"rate":["233357人评价"],"link":["https://movie.douban.com/subject/1292656/"]}
{"_id":{"$oid":"5853acb61d41c80ebaea6252"},"star":["8.8"],"title":["第六感"],"quote":["深入内心的恐怖，出人意料的结局。"],"rank":["76"],"rate":["205349人评价"],"link":["https://movie.douban.com/subject/1297630/"]}
{"_id":{"$oid":"5853acb61d41c80ebaea6253"},"star":["8.7"],"title":["阳光灿烂的日子"],"quote":["一场华丽的意淫。"],"rank":["77"],"rate":["238026人评价"],"link":["https://movie.douban.com/subject/1291875/"]}
{"_id":{"$oid":"5853acb61d41c80ebaea6254"},"star":["8.7"],"title":["大鱼"],"quote":["抱着梦想而活着的人是幸福的，怀抱梦想而死去的人是不朽的。"],"rank":["78"],"rate":["221925人评价"],"link":["https://movie.douban.com/subject/1291545/"]}
{"_id":{"$oid":"5853acb71d41c80ebaea6255"},"star":["8.7"],"title":["让子弹飞"],"quote":["你给我翻译翻译，神马叫做TMD的惊喜。"],"rank":["79"],"rate":["563960人评价"],"link":["https://movie.douban.com/subject/3742360/"]}
{"_id":{"$oid":"5853acb71d41c80ebaea6256"},"star":["8.7"],"title":["射雕英雄传之东成西就"],"quote":["百看不厌。 "],"rank":["80"],"rate":["241480人评价"],"link":["https://movie.douban.com/subject/1316510/"]}
{"_id":{"$oid":"5853acb71d41c80ebaea6257"},"star":["9.1"],"title":["素媛"],"quote":["受过伤害的人总是笑得最开心，因为他们不愿意让身边的人承受一样的痛苦。"],"rank":["81"],"rate":["139754人评价"],"link":["https://movie.douban.com/subject/21937452/"]}
{"_id":{"$oid":"5853acb71d41c80ebaea6258"},"star":["8.8"],"title":["阳光姐妹淘"],"quote":["再多各自牛逼的时光，也比不上一起傻逼的岁月。 "],"rank":["82"],"rate":["235876人评价"],"link":["https://movie.douban.com/subject/4917726/"]}
{"_id":{"$oid":"5853acb71d41c80ebaea6259"},"star":["9.2"],"title":["大闹天宫"],"quote":["经典之作，历久弥新。"],"rank":["83"],"rate":["82962人评价"],"link":["https://movie.douban.com/subject/1418019/"]}
{"_id":{"$oid":"5853acb71d41c80ebaea625a"},"star":["8.9"],"title":["上帝之城"],"quote":["被上帝抛弃了的上帝之城。"],"rank":["84"],"rate":["141761人评价"],"link":["https://movie.douban.com/subject/1292208/"]}
{"_id":{"$oid":"5853acb71d41c80ebaea625b"},"star":["8.7"],"title":["春光乍泄"],"quote":["爱情纠缠，男女一致。"],"rank":["85"],"rate":["206236人评价"],"link":["https://movie.douban.com/subject/1292679/"]}
{"_id":{"$oid":"5853acb71d41c80ebaea625c"},"star":["8.6"],"title":["重庆森林"],"quote":["寂寞没有期限。"],"rank":["86"],"rate":["277646人评价"],"link":["https://movie.douban.com/subject/1291999/"]}
{"_id":{"$oid":"5853acb71d41c80ebaea625d"},"star":["8.6"],"title":["禁闭岛"],"quote":["昔日翩翩少年，今日大腹便便。"],"rank":["87"],"rate":["313169人评价"],"link":["https://movie.douban.com/subject/2334904/"]}
{"_id":{"$oid":"5853acb71d41c80ebaea625e"},"star":["8.7"],"title":["甜蜜蜜"],"quote":["逢只要一瞬间，等待却像是一辈子。"],"rank":["88"],"rate":["203814人评价"],"link":["https://movie.douban.com/subject/1305164/"]}
{"_id":{"$oid":"5853acb71d41c80ebaea625f"},"star":["8.6"],"title":["致命ID"],"quote":["最不可能的那个人永远是最可能的。"],"rank":["89"],"rate":["274948人评价"],"link":["https://movie.douban.com/subject/1297192/"]}
{"_id":{"$oid":"5853acb71d41c80ebaea6260"},"star":["8.6"],"title":["告白"],"quote":["没有一人完全善，也没有一人完全恶。"],"rank":["90"],"rate":["297405人评价"],"link":["https://movie.douban.com/subject/4268598/"]}
{"_id":{"$oid":"5853acb71d41c80ebaea6261"},"star":["8.7"],"title":["萤火虫之墓"],"quote":["幸福是生生不息，却难以触及的远。 "],"rank":["91"],"rate":["181802人评价"],"link":["https://movie.douban.com/subject/1293318/"]}
{"_id":{"$oid":"5853acb71d41c80ebaea6262"},"star":["8.9"],"title":["一一"],"quote":["我们都曾经是一一。"],"rank":["92"],"rate":["134137人评价"],"link":["https://movie.douban.com/subject/1292434/"]}
{"_id":{"$oid":"5853acb71d41c80ebaea6263"},"star":["8.6"],"title":["加勒比海盗"],"quote":["约翰尼·德普的独角戏。"],"rank":["93"],"rate":["293120人评价"],"link":["https://movie.douban.com/subject/1298070/"]}
{"_id":{"$oid":"5853acb71d41c80ebaea6264"},"star":["8.7"],"title":["爱在黎明破晓前"],"quote":["缘分是个连绵词，最美不过一瞬。"],"rank":["94"],"rate":["189285人评价"],"link":["https://movie.douban.com/subject/1296339/"]}
{"_id":{"$oid":"5853acb71d41c80ebaea6265"},"star":["8.8"],"title":["风之谷"],"quote":["动画片的圣经。"],"rank":["95"],"rate":["155198人评价"],"link":["https://movie.douban.com/subject/1291585/"]}
{"_id":{"$oid":"5853acb71d41c80ebaea6266"},"star":["8.6"],"title":["阿凡达"],"quote":["绝对意义上的美轮美奂。"],"rank":["96"],"rate":["477011人评价"],"link":["https://movie.douban.com/subject/1652587/"]}
{"_id":{"$oid":"5853acb71d41c80ebaea6267"},"star":["8.7"],"title":["爱在日落黄昏时"],"quote":["九年后的重逢是世俗和责任的交叠，没了悸动和青涩，沧桑而温暖。"],"rank":["97"],"rate":["175142人评价"],"link":["https://movie.douban.com/subject/1291990/"]}
{"_id":{"$oid":"5853acb71d41c80ebaea6268"},"star":["8.8"],"title":["侧耳倾听"],"quote":["少女情怀总是诗。"],"rank":["98"],"rate":["145325人评价"],"link":["https://movie.douban.com/subject/1297052/"]}
{"_id":{"$oid":"5853acb71d41c80ebaea6269"},"star":["8.5"],"title":["断背山"],"quote":["每个人心中都有一座断背山。"],"rank":["99"],"rate":["281137人评价"],"link":["https://movie.douban.com/subject/1418834/"]}
{"_id":{"$oid":"5853acb71d41c80ebaea626a"},"star":["8.7"],"title":["驯龙高手"],"quote":["和谐的生活离不开摸头与被摸头。"],"rank":["100"],"rate":["252501人评价"],"link":["https://movie.douban.com/subject/2353023/"]}
{"_id":{"$oid":"5853acb81d41c80ebaea626b"},"star":["8.7"],"title":["布达佩斯大饭店"],"quote":["小清新的故事里注入了大历史的情怀。"],"rank":["101"],"rate":["259687人评价"],"link":["https://movie.douban.com/subject/11525673/"]}
{"_id":{"$oid":"5853acb81d41c80ebaea626c"},"star":["8.7"],"title":["猫鼠游戏"],"quote":["骗子大师和执著警探的你追我跑故事。 "],"rank":["102"],"rate":["184783人评价"],"link":["https://movie.douban.com/subject/1305487/"]}
{"_id":{"$oid":"5853acb81d41c80ebaea626d"},"star":["9.0"],"title":["海洋"],"quote":["大海啊，不全是水。"],"rank":["103"],"rate":["91427人评价"],"link":["https://movie.douban.com/subject/3443389/"]}
{"_id":{"$oid":"5853acb81d41c80ebaea626e"},"star":["9.0"],"title":["狩猎"],"quote":["人言可畏。"],"rank":["104"],"rate":["98664人评价"],"link":["https://movie.douban.com/subject/6985810/"]}
{"_id":{"$oid":"5853acb81d41c80ebaea626f"},"star":["9.2"],"title":["摩登时代"],"quote":["大时代中的人生，小人物的悲喜。"],"rank":["105"],"rate":["72274人评价"],"link":["https://movie.douban.com/subject/1294371/"]}
{"_id":{"$oid":"5853acb81d41c80ebaea6270"},"star":["8.8"],"title":["燃情岁月"],"quote":["传奇，不是每个人都可以拥有。"],"rank":["106"],"rate":["136416人评价"],"link":["https://movie.douban.com/subject/1295865/"]}
{"_id":{"$oid":"5853acb81d41c80ebaea6271"},"star":["8.7"],"title":["超脱"],"quote":["穷尽一生，我们要学会的，不过是彼此拥抱。"],"rank":["107"],"rate":["148644人评价"],"link":["https://movie.douban.com/subject/5322596/"]}
{"_id":{"$oid":"5853acb81d41c80ebaea6272"},"star":["8.6"],"title":["幸福终点站"],"quote":["有时候幸福需要等一等。 "],"rank":["108"],"rate":["203177人评价"],"link":["https://movie.douban.com/subject/1292274/"]}
{"_id":{"$oid":"5853acb81d41c80ebaea6273"},"star":["8.6"],"title":["电锯惊魂"],"quote":["真相就在眼前。"],"rank":["109"],"rate":["176880人评价"],"link":["https://movie.douban.com/subject/1417598/"]}
{"_id":{"$oid":"5853acb81d41c80ebaea6274"},"star":["8.7"],"title":["谍影重重3"],"quote":["像吃了苏打饼一样干脆的电影。"],"rank":["110"],"rate":["158777人评价"],"link":["https://movie.douban.com/subject/1578507/"]}
{"_id":{"$oid":"5853acb81d41c80ebaea6275"},"star":["8.5"],"title":["神偷奶爸"],"quote":["Mr. I Don't Care其实也有Care的时候。"],"rank":["111"],"rate":["326401人评价"],"link":["https://movie.douban.com/subject/3287562/"]}
{"_id":{"$oid":"5853acb81d41c80ebaea6276"},"star":["8.7"],"title":["菊次郎的夏天"],"quote":["从没见过那么流氓的温柔，从没见过那么温柔的流氓。"],"rank":["112"],"rate":["153056人评价"],"link":["https://movie.douban.com/subject/1293359/"]}
{"_id":{"$oid":"5853acb81d41c80ebaea6277"},"star":["8.9"],"title":["虎口脱险"],"quote":["永远看不腻的喜剧。"],"rank":["113"],"rate":["95214人评价"],"link":["https://movie.douban.com/subject/1296909/"]}
{"_id":{"$oid":"5853acb81d41c80ebaea6278"},"star":["8.7"],"title":["借东西的小人阿莉埃蒂"],"quote":["曾经的那段美好会沉淀为一辈子的记忆。"],"rank":["114"],"rate":["190892人评价"],"link":["https://movie.douban.com/subject/4202302/"]}
{"_id":{"$oid":"5853acb81d41c80ebaea6279"},"star":["8.6"],"title":["哈利·波特与魔法石"],"quote":["童话世界的开端。"],"rank":["115"],"rate":["209494人评价"],"link":["https://movie.douban.com/subject/1295038/"]}
{"_id":{"$oid":"5853acb81d41c80ebaea627a"},"star":["8.5"],"title":["真爱至上"],"quote":["爱，是个动词。"],"rank":["116"],"rate":["273441人评价"],"link":["https://movie.douban.com/subject/1292401/"]}
{"_id":{"$oid":"5853acb81d41c80ebaea627b"},"star":["8.6"],"title":["雨人"],"quote":["生活在自己的世界里，也可以让周围的人显得可笑和渺小。"],"rank":["117"],"rate":["187292人评价"],"link":["https://movie.douban.com/subject/1291870/"]}
{"_id":{"$oid":"5853acb81d41c80ebaea627c"},"star":["8.8"],"title":["末代皇帝"],"quote":["“不要跟我比惨，我比你更惨”再适合这部电影不过了。"],"rank":["118"],"rate":["132565人评价"],"link":["https://movie.douban.com/subject/1293172/"]}
{"_id":{"$oid":"5853acb81d41c80ebaea627d"},"star":["8.6"],"title":["岁月神偷"],"quote":["岁月流逝，来日可追。"],"rank":["119"],"rate":["274830人评价"],"link":["https://movie.douban.com/subject/3792799/"]}
{"_id":{"$oid":"5853acb81d41c80ebaea627e"},"star":["8.5"],"title":["贫民窟的百万富翁"],"quote":["上帝之城+猜火车+阿甘正传+开心辞典=山寨富翁"],"rank":["120"],"rate":["361361人评价"],"link":["https://movie.douban.com/subject/2209573/"]}
{"_id":{"$oid":"5853acb81d41c80ebaea627f"},"star":["8.6"],"title":["倩女幽魂"],"quote":["两张绝世的脸。 "],"rank":["121"],"rate":["212543人评价"],"link":["https://movie.douban.com/subject/1297447/"]}
{"_id":{"$oid":"5853acb81d41c80ebaea6280"},"star":["8.5"],"title":["记忆碎片"],"quote":["一个针管引发的血案。"],"rank":["122"],"rate":["244051人评价"],"link":["https://movie.douban.com/subject/1304447/"]}
{"_id":{"$oid":"5853acb81d41c80ebaea6281"},"star":["8.7"],"title":["疯狂原始人"],"quote":["老少皆宜，这就是好莱坞动画的魅力。"],"rank":["123"],"rate":["333084人评价"],"link":["https://movie.douban.com/subject/1907966/"]}
{"_id":{"$oid":"5853acb81d41c80ebaea6282"},"star":["8.5"],"title":["东邪西毒"],"quote":["电影诗。"],"rank":["124"],"rate":["221434人评价"],"link":["https://movie.douban.com/subject/1292328/"]}
{"_id":{"$oid":"5853acb81d41c80ebaea6283"},"star":["9.1"],"title":["七武士"],"quote":["时代悲歌。"],"rank":["125"],"rate":["64717人评价"],"link":["https://movie.douban.com/subject/1295399/"]}
{"_id":{"$oid":"5853acb91d41c80ebaea6284"},"star":["8.8"],"title":["穿条纹睡衣的男孩"],"quote":["尽管有些不切实际的幻想，这部电影依旧是一部感人肺腑的佳作。"],"rank":["126"],"rate":["113611人评价"],"link":["https://movie.douban.com/subject/3008247/"]}
{"_id":{"$oid":"5853acb91d41c80ebaea6285"},"star":["8.6"],"title":["怪兽电力公司"],"quote":["不要给它起名字，起了名字就有感情了。"],"rank":["127"],"rate":["205922人评价"],"link":["https://movie.douban.com/subject/1291579/"]}
{"_id":{"$oid":"5853acb91d41c80ebaea6286"},"star":["8.6"],"title":["穿越时空的少女"],"quote":["爱上未来的你。 "],"rank":["128"],"rate":["162966人评价"],"link":["https://movie.douban.com/subject/1937946/"]}
{"_id":{"$oid":"5853acb91d41c80ebaea6287"},"star":["8.8"],"title":["魂断蓝桥"],"quote":["中国式内在的美国电影。"],"rank":["129"],"rate":["116022人评价"],"link":["https://movie.douban.com/subject/1293964/"]}
{"_id":{"$oid":"5853acb91d41c80ebaea6288"},"star":["8.6"],"title":["杀人回忆"],"quote":["关于连环杀人悬案的集体回忆。"],"rank":["130"],"rate":["176081人评价"],"link":["https://movie.douban.com/subject/1300299/"]}
{"_id":{"$oid":"5853acb91d41c80ebaea6289"},"star":["8.7"],"title":["恐怖直播"],"quote":["恐怖分子的“秋菊打官司”。"],"rank":["131"],"rate":["174966人评价"],"link":["https://movie.douban.com/subject/21360417/"]}
{"_id":{"$oid":"5853acb91d41c80ebaea628a"},"star":["8.5"],"title":["恋恋笔记本"],"quote":["爱情没有那么多借口，如果不能圆满，只能说明爱的不够。 "],"rank":["132"],"rate":["239296人评价"],"link":["https://movie.douban.com/subject/1309163/"]}
{"_id":{"$oid":"5853acb91d41c80ebaea628b"},"star":["8.7"],"title":["消失的爱人"],"quote":[],"rank":["133"],"rate":["296885人评价"],"link":["https://movie.douban.com/subject/21318488/"]}
{"_id":{"$oid":"5853acb91d41c80ebaea628c"},"star":["8.5"],"title":["猜火车"],"quote":["不可猜的青春迷笛。 "],"rank":["134"],"rate":["216503人评价"],"link":["https://movie.douban.com/subject/1292528/"]}
{"_id":{"$oid":"5853acb91d41c80ebaea628d"},"star":["8.8"],"title":["卢旺达饭店"],"quote":["当这个世界闭上双眼，他却敞开了怀抱。"],"rank":["135"],"rate":["101887人评价"],"link":["https://movie.douban.com/subject/1291822/"]}
{"_id":{"$oid":"5853acb91d41c80ebaea628e"},"star":["8.5"],"title":["黑天鹅"],"quote":["黑暗之美。"],"rank":["136"],"rate":["371904人评价"],"link":["https://movie.douban.com/subject/1978709/"]}
{"_id":{"$oid":"5853acb91d41c80ebaea628f"},"star":["8.8"],"title":["红辣椒"],"quote":["梦的勾结。"],"rank":["137"],"rate":["102864人评价"],"link":["https://movie.douban.com/subject/1865703/"]}
{"_id":{"$oid":"5853acb91d41c80ebaea6290"},"star":["8.4"],"title":["傲慢与偏见"],"quote":["爱是摈弃傲慢与偏见之后的曙光。"],"rank":["138"],"rate":["260234人评价"],"link":["https://movie.douban.com/subject/1418200/"]}
{"_id":{"$oid":"5853acb91d41c80ebaea6291"},"star":["8.7"],"title":["教父3"],"quote":["任何信念的力量，都无法改变命运。"],"rank":["139"],"rate":["111776人评价"],"link":["https://movie.douban.com/subject/1294240/"]}
{"_id":{"$oid":"5853acb91d41c80ebaea6292"},"star":["8.7"],"title":["英雄本色"],"quote":["英雄泪短，兄弟情长。 "],"rank":["140"],"rate":["125280人评价"],"link":["https://movie.douban.com/subject/1297574/"]}
{"_id":{"$oid":"5853acb91d41c80ebaea6293"},"star":["9.0"],"title":["完美的世界"],"quote":["坏人的好总是比好人的好来得更感人。"],"rank":["141"],"rate":["67529人评价"],"link":["https://movie.douban.com/subject/1300992/"]}
{"_id":{"$oid":"5853acb91d41c80ebaea6294"},"star":["8.7"],"title":["玩具总动员3"],"quote":["跨度十五年的欢乐与泪水。"],"rank":["142"],"rate":["174486人评价"],"link":["https://movie.douban.com/subject/1858711/"]}
{"_id":{"$oid":"5853acb91d41c80ebaea6295"},"star":["8.6"],"title":["人工智能"],"quote":["对爱的执着，可以超越一切。"],"rank":["143"],"rate":["168072人评价"],"link":["https://movie.douban.com/subject/1302827/"]}
{"_id":{"$oid":"5853acb91d41c80ebaea6296"},"star":["8.8"],"title":["我是山姆"],"quote":["爱并不需要智商 。"],"rank":["144"],"rate":["88064人评价"],"link":["https://movie.douban.com/subject/1306861/"]}
{"_id":{"$oid":"5853acb91d41c80ebaea6297"},"star":["8.7"],"title":["喜宴"],"quote":["中国家庭的喜怒哀乐忍。"],"rank":["145"],"rate":["113699人评价"],"link":["https://movie.douban.com/subject/1303037/"]}
{"_id":{"$oid":"5853acb91d41c80ebaea6298"},"star":["8.7"],"title":["纵横四海"],"quote":["香港浪漫主义警匪动作片的巅峰之作。"],"rank":["146"],"rate":["120511人评价"],"link":["https://movie.douban.com/subject/1295409/"]}
{"_id":{"$oid":"5853acb91d41c80ebaea6299"},"star":["8.9"],"title":["雨中曲"],"quote":["骨灰级歌舞片。"],"rank":["147"],"rate":["79380人评价"],"link":["https://movie.douban.com/subject/1293460/"]}
{"_id":{"$oid":"5853acb91d41c80ebaea629a"},"star":["8.8"],"title":["萤火之森"],"quote":["触不到的恋人。"],"rank":["148"],"rate":["130662人评价"],"link":["https://movie.douban.com/subject/5989818/"]}
{"_id":{"$oid":"5853acb91d41c80ebaea629b"},"star":["8.4"],"title":["秒速5厘米"],"quote":["青春就是放弃和怀念。"],"rank":["149"],"rate":["250807人评价"],"link":["https://movie.douban.com/subject/2043546/"]}
{"_id":{"$oid":"5853acb91d41c80ebaea629c"},"star":["8.4"],"title":["香水"],"quote":["一个单凭体香达到高潮的男人。"],"rank":["150"],"rate":["242859人评价"],"link":["https://movie.douban.com/subject/1760622/"]}
{"_id":{"$oid":"5853acbb1d41c80ebaea629d"},"star":["8.4"],"title":["冰川时代"],"quote":["松鼠才是角儿。"],"rank":["151"],"rate":["240496人评价"],"link":["https://movie.douban.com/subject/1291578/"]}
{"_id":{"$oid":"5853acbb1d41c80ebaea629e"},"star":["8.6"],"title":["撞车"],"quote":["天使与魔鬼的冲撞。"],"rank":["152"],"rate":["155874人评价"],"link":["https://movie.douban.com/subject/1388216/"]}
{"_id":{"$oid":"5853acbb1d41c80ebaea629f"},"star":["8.7"],"title":["浪潮"],"quote":["世界离独裁只有五天。"],"rank":["153"],"rate":["111126人评价"],"link":["https://movie.douban.com/subject/2297265/"]}
{"_id":{"$oid":"5853acbb1d41c80ebaea62a0"},"star":["8.7"],"title":["碧海蓝天"],"quote":["在那片深蓝中，感受来自大海的忧伤寂寞与美丽自由。"],"rank":["154"],"rate":["99784人评价"],"link":["https://movie.douban.com/subject/1300960/"]}
{"_id":{"$oid":"5853acbb1d41c80ebaea62a1"},"star":["8.9"],"title":["小森林 夏秋篇"],"quote":[],"rank":["155"],"rate":["96681人评价"],"link":["https://movie.douban.com/subject/25814705/"]}
{"_id":{"$oid":"5853acbb1d41c80ebaea62a2"},"star":["8.5"],"title":["朗读者"],"quote":["当爱情跨越年龄的界限，它似乎能变得更久远一点，成为一种责任，一种水到渠成的相濡以沫。 "],"rank":["156"],"rate":["250783人评价"],"link":["https://movie.douban.com/subject/2213597/"]}
{"_id":{"$oid":"5853acbb1d41c80ebaea62a3"},"star":["9.0"],"title":["追随"],"quote":["诺兰的牛逼来源于内心散发出的恐惧。"],"rank":["157"],"rate":["66274人评价"],"link":["https://movie.douban.com/subject/1397546/"]}
{"_id":{"$oid":"5853acbb1d41c80ebaea62a4"},"star":["8.4"],"title":["喜剧之王"],"quote":["我是一个演员。"],"rank":["158"],"rate":["253295人评价"],"link":["https://movie.douban.com/subject/1302425/"]}
{"_id":{"$oid":"5853acbb1d41c80ebaea62a5"},"star":["8.6"],"title":["哈利·波特与死亡圣器(下)"],"quote":["10年的完美句点。"],"rank":["159"],"rate":["239170人评价"],"link":["https://movie.douban.com/subject/3011235/"]}
{"_id":{"$oid":"5853acbb1d41c80ebaea62a6"},"star":["8.6"],"title":["7号房的礼物"],"quote":["《我是山姆》的《美丽人生》。"],"rank":["160"],"rate":["140064人评价"],"link":["https://movie.douban.com/subject/10777687/"]}
{"_id":{"$oid":"5853acbb1d41c80ebaea62a7"},"star":["8.6"],"title":["可可西里"],"quote":["坚硬的信仰。"],"rank":["161"],"rate":["113453人评价"],"link":["https://movie.douban.com/subject/1308857/"]}
{"_id":{"$oid":"5853acbb1d41c80ebaea62a8"},"star":["8.5"],"title":["战争之王"],"quote":["做一颗让别人需要你的棋子。"],"rank":["162"],"rate":["154150人评价"],"link":["https://movie.douban.com/subject/1419936/"]}
{"_id":{"$oid":"5853acbb1d41c80ebaea62a9"},"star":["8.7"],"title":["梦之安魂曲"],"quote":["一场没有春天的噩梦。"],"rank":["163"],"rate":["94603人评价"],"link":["https://movie.douban.com/subject/1292270/"]}
{"_id":{"$oid":"5853acbb1d41c80ebaea62aa"},"star":["8.6"],"title":["海盗电台"],"quote":["生命不止，摇滚不死。"],"rank":["164"],"rate":["152369人评价"],"link":["https://movie.douban.com/subject/3007773/"]}
{"_id":{"$oid":"5853acbb1d41c80ebaea62ab"},"star":["8.7"],"title":["罗生门"],"quote":["人生的N种可能性。"],"rank":["165"],"rate":["103823人评价"],"link":["https://movie.douban.com/subject/1291879/"]}
{"_id":{"$oid":"5853acbb1d41c80ebaea62ac"},"star":["8.4"],"title":["花样年华"],"quote":["偷情本没有这样美。"],"rank":["166"],"rate":["205767人评价"],"link":["https://movie.douban.com/subject/1291557/"]}
{"_id":{"$oid":"5853acbb1d41c80ebaea62ad"},"star":["8.7"],"title":["一次别离"],"quote":["只有有信仰的人才能说出事实真相。"],"rank":["167"],"rate":["113849人评价"],"link":["https://movie.douban.com/subject/5964718/"]}
{"_id":{"$oid":"5853acbb1d41c80ebaea62ae"},"star":["9.1"],"title":["迁徙的鸟"],"quote":["最美的飞翔。"],"rank":["168"],"rate":["47552人评价"],"link":["https://movie.douban.com/subject/1292281/"]}
{"_id":{"$oid":"5853acbb1d41c80ebaea62af"},"star":["8.5"],"title":["谍影重重"],"quote":["哗啦啦啦啦，天在下雨，哗啦啦啦啦，云在哭泣……找自己。"],"rank":["169"],"rate":["168628人评价"],"link":["https://movie.douban.com/subject/1304102/"]}
{"_id":{"$oid":"5853acbb1d41c80ebaea62b0"},"star":["8.5"],"title":["谍影重重2"],"quote":["谁说王家卫镜头很晃？"],"rank":["170"],"rate":["138251人评价"],"link":["https://movie.douban.com/subject/1308767/"]}
{"_id":{"$oid":"5853acbb1d41c80ebaea62b1"},"star":["8.6"],"title":["荒野生存"],"quote":["出门必备：本草纲目。"],"rank":["171"],"rate":["112498人评价"],"link":["https://movie.douban.com/subject/1905462/"]}
{"_id":{"$oid":"5853acbb1d41c80ebaea62b2"},"star":["8.6"],"title":["心迷宫"],"quote":[],"rank":["172"],"rate":["121458人评价"],"link":["https://movie.douban.com/subject/25917973/"]}
{"_id":{"$oid":"5853acbb1d41c80ebaea62b3"},"star":["8.3"],"title":["唐伯虎点秋香"],"quote":["华太师是黄霑，吴镇宇四大才子之一。"],"rank":["173"],"rate":["264747人评价"],"link":["https://movie.douban.com/subject/1306249/"]}
{"_id":{"$oid":"5853acbb1d41c80ebaea62b4"},"star":["8.8"],"title":["地球上的星星"],"quote":["天使保护事件始末。"],"rank":["174"],"rate":["66506人评价"],"link":["https://movie.douban.com/subject/2363506/"]}
{"_id":{"$oid":"5853acbb1d41c80ebaea62b5"},"star":["8.5"],"title":["勇闯夺命岛"],"quote":["类型片的极致。 "],"rank":["175"],"rate":["125296人评价"],"link":["https://movie.douban.com/subject/1292728/"]}
{"_id":{"$oid":"5853acbc1d41c80ebaea62b6"},"star":["8.6"],"title":["燕尾蝶"],"quote":["现实与童话交相辉映的旅程。"],"rank":["176"],"rate":["98188人评价"],"link":["https://movie.douban.com/subject/1307793/"]}
{"_id":{"$oid":"5853acbc1d41c80ebaea62b7"},"star":["8.7"],"title":["绿里奇迹"],"quote":["天使暂时离开。"],"rank":["177"],"rate":["90838人评价"],"link":["https://movie.douban.com/subject/1300374/"]}
{"_id":{"$oid":"5853acbc1d41c80ebaea62b8"},"star":["8.6"],"title":["超能陆战队"],"quote":[],"rank":["178"],"rate":["314781人评价"],"link":["https://movie.douban.com/subject/11026735/"]}
{"_id":{"$oid":"5853acbc1d41c80ebaea62b9"},"star":["8.5"],"title":["阿飞正传"],"quote":["王家卫是一种风格，张国荣是一个代表。"],"rank":["179"],"rate":["149743人评价"],"link":["https://movie.douban.com/subject/1305690/"]}
{"_id":{"$oid":"5853acbc1d41c80ebaea62ba"},"star":["8.6"],"title":["时空恋旅人"],"quote":["把每天当作最后一天般珍惜度过，积极拥抱生活，就是幸福。"],"rank":["180"],"rate":["158628人评价"],"link":["https://movie.douban.com/subject/10577869/"]}
{"_id":{"$oid":"5853acbc1d41c80ebaea62bb"},"star":["8.6"],"title":["卡萨布兰卡"],"quote":["与同名歌曲无关。"],"rank":["181"],"rate":["108162人评价"],"link":["https://movie.douban.com/subject/1296753/"]}
{"_id":{"$oid":"5853acbc1d41c80ebaea62bc"},"star":["8.4"],"title":["英国病人"],"quote":["In memory, love lives forever..."],"rank":["182"],"rate":["158057人评价"],"link":["https://movie.douban.com/subject/1291853/"]}
{"_id":{"$oid":"5853acbc1d41c80ebaea62bd"},"star":["8.5"],"title":["蝙蝠侠：黑暗骑士崛起"],"quote":["诺兰就是保证。"],"rank":["183"],"rate":["258802人评价"],"link":["https://movie.douban.com/subject/3395373/"]}
{"_id":{"$oid":"5853acbc1d41c80ebaea62be"},"star":["8.8"],"title":["惊魂记"],"quote":["故事的反转与反转，分裂电影的始祖。"],"rank":["184"],"rate":["68405人评价"],"link":["https://movie.douban.com/subject/1293181/"]}
{"_id":{"$oid":"5853acbc1d41c80ebaea62bf"},"star":["8.3"],"title":["恐怖游轮"],"quote":["不要企图在重复中寻找已经失去的爱。"],"rank":["185"],"rate":["261494人评价"],"link":["https://movie.douban.com/subject/3011051/"]}
{"_id":{"$oid":"5853acbc1d41c80ebaea62c0"},"star":["8.4"],"title":["变脸"],"quote":["当发哥的风衣、墨镜出现在了凯奇身上⋯⋯"],"rank":["186"],"rate":["189942人评价"],"link":["https://movie.douban.com/subject/1292659/"]}
{"_id":{"$oid":"5853acbc1d41c80ebaea62c1"},"star":["8.4"],"title":["魔女宅急便"],"quote":["宫崎骏的电影总让人感觉世界是美好的，阳光明媚的。"],"rank":["187"],"rate":["165149人评价"],"link":["https://movie.douban.com/subject/1307811/"]}
{"_id":{"$oid":"5853acbc1d41c80ebaea62c2"},"star":["8.6"],"title":["叫我第一名"],"quote":["乐观比一切都有力量。"],"rank":["188"],"rate":["95220人评价"],"link":["https://movie.douban.com/subject/4798888/"]}
{"_id":{"$oid":"5853acbc1d41c80ebaea62c3"},"star":["8.5"],"title":["这个男人来自地球"],"quote":["科幻真正的魅力不是视觉效果能取代的。 "],"rank":["189"],"rate":["149525人评价"],"link":["https://movie.douban.com/subject/2300586/"]}
{"_id":{"$oid":"5853acbc1d41c80ebaea62c4"},"star":["8.5"],"title":["E.T. 外星人"],"quote":["生病的E.T.皮肤的颜色就像柿子饼。"],"rank":["190"],"rate":["132859人评价"],"link":["https://movie.douban.com/subject/1294638/"]}
{"_id":{"$oid":"5853acbc1d41c80ebaea62c5"},"star":["8.5"],"title":["再次出发之纽约遇见你"],"quote":["爱我就给我看你的播放列表。"],"rank":["191"],"rate":["133866人评价"],"link":["https://movie.douban.com/subject/6874403/"]}
{"_id":{"$oid":"5853acbc1d41c80ebaea62c6"},"star":["8.3"],"title":["穆赫兰道"],"quote":["大卫·林奇的梦境迷宫。"],"rank":["192"],"rate":["200975人评价"],"link":["https://movie.douban.com/subject/1292217/"]}
{"_id":{"$oid":"5853acbc1d41c80ebaea62c7"},"star":["8.7"],"title":["荒蛮故事"],"quote":[],"rank":["193"],"rate":["100487人评价"],"link":["https://movie.douban.com/subject/24750126/"]}
{"_id":{"$oid":"5853acbc1d41c80ebaea62c8"},"star":["8.5"],"title":["终结者2：审判日"],"quote":["少见的超越首部的续集，动作片中的经典。"],"rank":["194"],"rate":["122698人评价"],"link":["https://movie.douban.com/subject/1291844/"]}
{"_id":{"$oid":"5853acbc1d41c80ebaea62c9"},"star":["9.2"],"title":["东京物语"],"quote":["东京那么大，如果有一天走失了，恐怕一辈子不能再相见。"],"rank":["195"],"rate":["40869人评价"],"link":["https://movie.douban.com/subject/1291568/"]}
{"_id":{"$oid":"5853acbc1d41c80ebaea62ca"},"star":["8.4"],"title":["发条橙"],"quote":["我完全康复了。"],"rank":["196"],"rate":["163368人评价"],"link":["https://movie.douban.com/subject/1292233/"]}
{"_id":{"$oid":"5853acbc1d41c80ebaea62cb"},"star":["8.6"],"title":["非常嫌疑犯"],"quote":["我不信仰上帝，但我敬畏上帝。"],"rank":["197"],"rate":["99723人评价"],"link":["https://movie.douban.com/subject/1292214/"]}
{"_id":{"$oid":"5853acbc1d41c80ebaea62cc"},"star":["8.6"],"title":["达拉斯买家俱乐部"],"quote":["Jared Leto的腿比女人还美！"],"rank":["198"],"rate":["140472人评价"],"link":["https://movie.douban.com/subject/1793929/"]}
{"_id":{"$oid":"5853acbc1d41c80ebaea62cd"},"star":["8.7"],"title":["末路狂花"],"quote":["没有了退路，只好飞向自由。"],"rank":["199"],"rate":["86915人评价"],"link":["https://movie.douban.com/subject/1291992/"]}
{"_id":{"$oid":"5853acbc1d41c80ebaea62ce"},"star":["8.8"],"title":["哪吒闹海"],"quote":["想你时你在闹海。"],"rank":["200"],"rate":["67499人评价"],"link":["https://movie.douban.com/subject/1307315/"]}
{"_id":{"$oid":"5853acbd1d41c80ebaea62cf"},"star":["8.5"],"title":["被解救的姜戈"],"quote":["热血沸腾，那个低俗、性感的无耻混蛋又来了。"],"rank":["201"],"rate":["228777人评价"],"link":["https://movie.douban.com/subject/6307447/"]}
{"_id":{"$oid":"5853acbd1d41c80ebaea62d0"},"star":["9.0"],"title":["忠犬八公物语"],"quote":["养狗三日，便会对你终其一生。"],"rank":["202"],"rate":["44270人评价"],"link":["https://movie.douban.com/subject/1959195/"]}
{"_id":{"$oid":"5853acbd1d41c80ebaea62d1"},"star":["8.4"],"title":["美国丽人"],"quote":["每个人的内心都是深不可测的大海。 "],"rank":["203"],"rate":["161733人评价"],"link":["https://movie.douban.com/subject/1292062/"]}
{"_id":{"$oid":"5853acbd1d41c80ebaea62d2"},"star":["8.3"],"title":["源代码"],"quote":["邓肯·琼斯继《月球》之后再度奉献出一部精彩绝伦的科幻佳作。"],"rank":["204"],"rate":["362368人评价"],"link":["https://movie.douban.com/subject/3075287/"]}
{"_id":{"$oid":"5853acbd1d41c80ebaea62d3"},"star":["8.7"],"title":["牯岭街少年杀人事件"],"quote":["弱者送给弱者的一刀。"],"rank":["205"],"rate":["84875人评价"],"link":["https://movie.douban.com/subject/1292329/"]}
{"_id":{"$oid":"5853acbd1d41c80ebaea62d4"},"star":["8.6"],"title":["上帝也疯狂"],"quote":["纯净原始的笑与感动。"],"rank":["206"],"rate":["84197人评价"],"link":["https://movie.douban.com/subject/1297478/"]}
{"_id":{"$oid":"5853acbd1d41c80ebaea62d5"},"star":["8.5"],"title":["黑客帝国3：矩阵革命"],"quote":["不得不说，《黑客帝国》系列是商业片与科幻、哲学完美结合的典范。"],"rank":["207"],"rate":["132064人评价"],"link":["https://movie.douban.com/subject/1302467/"]}
{"_id":{"$oid":"5853acbd1d41c80ebaea62d6"},"star":["8.4"],"title":["新龙门客栈"],"quote":["嬉笑怒骂，调风动月。"],"rank":["208"],"rate":["157580人评价"],"link":["https://movie.douban.com/subject/1292287/"]}
{"_id":{"$oid":"5853acbd1d41c80ebaea62d7"},"star":["9.1"],"title":["黄金三镖客"],"quote":["最棒的西部片。"],"rank":["209"],"rate":["42251人评价"],"link":["https://movie.douban.com/subject/1401118/"]}
{"_id":{"$oid":"5853acbd1d41c80ebaea62d8"},"star":["8.3"],"title":["青蛇"],"quote":["人生如此，浮生如斯。谁人言，花彼岸，此生情长意短。谁都是不懂爱的罢了。"],"rank":["210"],"rate":["186497人评价"],"link":["https://movie.douban.com/subject/1303394/"]}
{"_id":{"$oid":"5853acbd1d41c80ebaea62d9"},"star":["8.3"],"title":["曾经"],"quote":["有些幸福无关爱情。"],"rank":["211"],"rate":["182077人评价"],"link":["https://movie.douban.com/subject/2053515/"]}
{"_id":{"$oid":"5853acbd1d41c80ebaea62da"},"star":["9.1"],"title":["爱·回家"],"quote":["献给所有外婆的电影。"],"rank":["212"],"rate":["40869人评价"],"link":["https://movie.douban.com/subject/1299361/"]}
{"_id":{"$oid":"5853acbd1d41c80ebaea62db"},"star":["8.2"],"title":["蓝色大门"],"quote":["青春的窃窃私语。 "],"rank":["213"],"rate":["245480人评价"],"link":["https://movie.douban.com/subject/1308575/"]}
{"_id":{"$oid":"5853acbd1d41c80ebaea62dc"},"star":["8.9"],"title":["勇士"],"quote":["热血沸腾，相当完美的娱乐拳击大餐。"],"rank":["214"],"rate":["76789人评价"],"link":["https://movie.douban.com/subject/3217169/"]}
{"_id":{"$oid":"5853acbd1d41c80ebaea62dd"},"star":["8.3"],"title":["初恋这件小事"],"quote":["黑小鸭速效美白记。"],"rank":["215"],"rate":["401294人评价"],"link":["https://movie.douban.com/subject/4739952/"]}
{"_id":{"$oid":"5853acbd1d41c80ebaea62de"},"star":["8.8"],"title":["未麻的部屋"],"quote":["好的剧本是，就算你猜到了结局也猜不到全部。"],"rank":["216"],"rate":["68767人评价"],"link":["https://movie.douban.com/subject/1395091/"]}
{"_id":{"$oid":"5853acbd1d41c80ebaea62df"},"star":["8.4"],"title":["无耻混蛋"],"quote":["昆汀同学越来越变态了，比北野武还杜琪峰。"],"rank":["217"],"rate":["195366人评价"],"link":["https://movie.douban.com/subject/1438652/"]}
{"_id":{"$oid":"5853acbd1d41c80ebaea62e0"},"star":["8.9"],"title":["小森林 冬春篇"],"quote":[],"rank":["218"],"rate":["82542人评价"],"link":["https://movie.douban.com/subject/25814707/"]}
{"_id":{"$oid":"5853acbd1d41c80ebaea62e1"},"star":["8.6"],"title":["蝴蝶"],"quote":["我们长途跋涉寻找的东西，有可能一直就在身边。 "],"rank":["219"],"rate":["86920人评价"],"link":["https://movie.douban.com/subject/1292056/"]}
{"_id":{"$oid":"5853acbd1d41c80ebaea62e2"},"star":["9.2"],"title":["城市之光"],"quote":["永远的小人物，伟大的卓别林。"],"rank":["220"],"rate":["34747人评价"],"link":["https://movie.douban.com/subject/1293908/"]}
{"_id":{"$oid":"5853acbd1d41c80ebaea62e3"},"star":["8.4"],"title":["暖暖内含光"],"quote":["恋爱是一次神经的冒险。就算失去记忆，也会爱上你。"],"rank":["221"],"rate":["127189人评价"],"link":["https://movie.douban.com/subject/1308777/"]}
{"_id":{"$oid":"5853acbd1d41c80ebaea62e4"},"star":["8.5"],"title":["麦兜故事"],"quote":["麦兜是一只很哲学的猪。 "],"rank":["222"],"rate":["113777人评价"],"link":["https://movie.douban.com/subject/1302476/"]}
{"_id":{"$oid":"5853acbd1d41c80ebaea62e5"},"star":["8.2"],"title":["两小无猜"],"quote":["Love me, if you dare. "],"rank":["223"],"rate":["288394人评价"],"link":["https://movie.douban.com/subject/1308817/"]}
{"_id":{"$oid":"5853acbd1d41c80ebaea62e6"},"star":["8.9"],"title":["与狼共舞"],"quote":["充满诗意与情怀的史诗作品。 "],"rank":["224"],"rate":["50430人评价"],"link":["https://movie.douban.com/subject/1293764/"]}
{"_id":{"$oid":"5853acbd1d41c80ebaea62e7"},"star":["8.6"],"title":["巴黎淘气帮"],"quote":["四百击的反面。"],"rank":["225"],"rate":["95800人评价"],"link":["https://movie.douban.com/subject/3157605/"]}
{"_id":{"$oid":"5853acbe1d41c80ebaea62e8"},"star":["8.6"],"title":["爆裂鼓手"],"quote":[],"rank":["226"],"rate":["188798人评价"],"link":["https://movie.douban.com/subject/25773932/"]}
{"_id":{"$oid":"5853acbe1d41c80ebaea62e9"},"star":["8.7"],"title":["无敌破坏王"],"quote":["迪士尼和皮克斯拿错剧本的产物。"],"rank":["227"],"rate":["163947人评价"],"link":["https://movie.douban.com/subject/6534248/"]}
{"_id":{"$oid":"5853acbe1d41c80ebaea62ea"},"star":["8.3"],"title":["夜访吸血鬼"],"quote":["弥漫淡淡血腥气的优雅。"],"rank":["228"],"rate":["176359人评价"],"link":["https://movie.douban.com/subject/1299327/"]}
{"_id":{"$oid":"5853acbf1d41c80ebaea62eb"},"star":["8.3"],"title":["爱在暹罗"],"quote":["把爱放在心底，有爱就有希望。"],"rank":["229"],"rate":["201474人评价"],"link":["https://movie.douban.com/subject/2365260/"]}
{"_id":{"$oid":"5853acbf1d41c80ebaea62ec"},"star":["8.5"],"title":["遗愿清单"],"quote":["用剩余不多的时间，去燃烧整个生命。"],"rank":["230"],"rate":["106798人评价"],"link":["https://movie.douban.com/subject/1867345/"]}
{"_id":{"$oid":"5853acbf1d41c80ebaea62ed"},"star":["8.7"],"title":["中央车站"],"quote":["心灵救赎。"],"rank":["231"],"rate":["69206人评价"],"link":["https://movie.douban.com/subject/1292218/"]}
{"_id":{"$oid":"5853acbf1d41c80ebaea62ee"},"star":["8.5"],"title":["偷拐抢骗"],"quote":["典型盖·里奇式的英国黑色幽默黑帮片。"],"rank":["232"],"rate":["101557人评价"],"link":["https://movie.douban.com/subject/1301171/"]}
{"_id":{"$oid":"5853acbf1d41c80ebaea62ef"},"star":["8.7"],"title":["大卫·戈尔的一生"],"quote":["捍卫人权只是信仰，一点不妨碍其行为的残忍。"],"rank":["233"],"rate":["71126人评价"],"link":["https://movie.douban.com/subject/1305725/"]}
{"_id":{"$oid":"5853acbf1d41c80ebaea62f0"},"star":["8.3"],"title":["国王的演讲"],"quote":["皇上无话儿。"],"rank":["234"],"rate":["297756人评价"],"link":["https://movie.douban.com/subject/4023638/"]}
{"_id":{"$oid":"5853acbf1d41c80ebaea62f1"},"star":["8.5"],"title":["血钻"],"quote":["每个美丽事物背后都是滴血的现实。"],"rank":["235"],"rate":["109968人评价"],"link":["https://movie.douban.com/subject/1428175/"]}
{"_id":{"$oid":"5853acbf1d41c80ebaea62f2"},"star":["8.4"],"title":["罪恶之城"],"quote":["权力不是来自枪和子弹，权力来自谎言。"],"rank":["236"],"rate":["127415人评价"],"link":["https://movie.douban.com/subject/1309027/"]}
{"_id":{"$oid":"5853acbf1d41c80ebaea62f3"},"star":["8.4"],"title":["荒岛余生"],"quote":["一个人的独角戏。"],"rank":["237"],"rate":["113505人评价"],"link":["https://movie.douban.com/subject/1298653/"]}
{"_id":{"$oid":"5853acbf1d41c80ebaea62f4"},"star":["8.5"],"title":["月球"],"quote":["2009媲美《第九区》的又一部科幻神作。"],"rank":["238"],"rate":["122808人评价"],"link":["https://movie.douban.com/subject/3073124/"]}
{"_id":{"$oid":"5853acbf1d41c80ebaea62f5"},"star":["8.8"],"title":["寿司之神"],"quote":["仪式主义的狂欢，偏执狂的完胜。"],"rank":["239"],"rate":["68652人评价"],"link":["https://movie.douban.com/subject/6146955/"]}
{"_id":{"$oid":"5853acbf1d41c80ebaea62f6"},"star":["8.7"],"title":["千钧一发"],"quote":["一部能引人思考的科幻励志片。"],"rank":["240"],"rate":["68565人评价"],"link":["https://movie.douban.com/subject/1300117/"]}
{"_id":{"$oid":"5853acbf1d41c80ebaea62f7"},"star":["8.6"],"title":["枪火"],"quote":["一群演技精湛的戏骨，奉献出一个精致的黑帮小品，成就杜琪峰群戏的巅峰之作。"],"rank":["241"],"rate":["81860人评价"],"link":["https://movie.douban.com/subject/1300741/"]}
{"_id":{"$oid":"5853acbf1d41c80ebaea62f8"},"star":["8.2"],"title":["疯狂的石头"],"quote":["中国版《两杆大烟枪》。"],"rank":["242"],"rate":["261834人评价"],"link":["https://movie.douban.com/subject/1862151/"]}
{"_id":{"$oid":"5853acbf1d41c80ebaea62f9"},"star":["9.0"],"title":["我爱你"],"quote":["你要相信，这世上真的有爱存在，不管在什么年纪 "],"rank":["243"],"rate":["45608人评价"],"link":["https://movie.douban.com/subject/5908478/"]}
{"_id":{"$oid":"5853acbf1d41c80ebaea62fa"},"star":["8.5"],"title":["廊桥遗梦"],"quote":["这样确切的爱，一生只有一次。"],"rank":["244"],"rate":["82699人评价"],"link":["https://movie.douban.com/subject/1293929/"]}
{"_id":{"$oid":"5853acbf1d41c80ebaea62fb"},"star":["8.4"],"title":["角斗士"],"quote":["罗马斗兽场的鸦雀无声，久久停留在这样的肃穆中。"],"rank":["245"],"rate":["114361人评价"],"link":["https://movie.douban.com/subject/1293530/"]}
{"_id":{"$oid":"5853acbf1d41c80ebaea62fc"},"star":["8.4"],"title":["导盲犬小Q"],"quote":["宠物的意义在于化解人的孤独。"],"rank":["246"],"rate":["107910人评价"],"link":["https://movie.douban.com/subject/1316572/"]}
{"_id":{"$oid":"5853acbf1d41c80ebaea62fd"},"star":["8.2"],"title":["假如爱有天意"],"quote":["琼瑶阿姨在韩国的深刻版。"],"rank":["247"],"rate":["199867人评价"],"link":["https://movie.douban.com/subject/1304073/"]}
{"_id":{"$oid":"5853acbf1d41c80ebaea62fe"},"star":["8.6"],"title":["不一样的天空"],"quote":["生命有裂缝，阳光才照得进来。"],"rank":["248"],"rate":["73124人评价"],"link":["https://movie.douban.com/subject/1301617/"]}
{"_id":{"$oid":"5853acbf1d41c80ebaea62ff"},"star":["8.4"],"title":["速度与激情5"],"quote":["爆米花动作电影新标杆。"],"rank":["249"],"rate":["195765人评价"],"link":["https://movie.douban.com/subject/4286017/"]}
{"_id":{"$oid":"5853acbf1d41c80ebaea6300"},"star":["8.6"],"title":["我们俩"],"quote":["想外婆了，有没有？！"],"rank":["250"],"rate":["66439人评价"],"link":["https://movie.douban.com/subject/1756073/"]}
